cow,date,day,Ndropperday,Pellets,Pasture,TotDM,CO2,CH4
52,Jan-19,19,32,0.81824,11.48277333,12.30101333,12460.19027,449.90255
52,Jan-20,20,25,0.63925,10.36056,10.99981,11870.22827,423.4213333
52,Jan-21,21,19,0.48583,15.43512,15.92095,10414.20267,396.2413333
52,Jan-22,22,5,0.12785,14.56199368,14.68984368,,
52,Jan-23,23,6,0.15342,13.16748269,13.32090269,12190.464,270.6624
52,Jan-24,24,8,0.20456,13.44506856,13.64962856,14580.144,541.368
52,Jan-25,25,8,0.20456,17.66160341,17.86616341,11827.08,325.08
52,Jan-26,26,12,0.30684,19.81309605,20.11993605,,
52,Jan-27,27,11,0.28127,14.60587189,14.88714189,10984.38,391.578
52,Jan-28,28,17,0.43469,12.59623987,13.03092987,13819.52,446.16
52,Jan-29,29,21,0.53697,16.06959896,16.60656896,12756.672,439.7022222
52,Jan-30,30,19,0.48583,17.11864381,17.60447381,12096.064,508.416
52,Jan-31,31,6,0.15342,16.99973068,17.15315068,,
52,2-Jan,2,24,0.61368,14.89633531,15.51001531,11314.44442,465.5747048
52,2-Feb,33,14,0.35798,16.8735211,17.2315011,10487.888,352.7725714
52,2-Mar,61,18,0.46026,19.61687693,20.07713693,,
91,Jan-19,19,40,1.0228,11.48277333,12.50557333,11585.70717,379.4385
91,Jan-20,20,40,1.0228,10.36056,11.38336,13079.01154,457.0434857
91,Jan-21,21,36,0.92052,15.43512,16.35564,12366.05733,489.65904
91,Jan-22,22,24,0.61368,14.56199368,15.17567368,12688.48009,504.3958222
91,Jan-23,23,24,0.61368,13.16748269,13.78116269,13373.74895,543.3192381
91,Jan-24,24,32,0.81824,13.44506856,14.26330856,12547.57524,458.4598095
91,Jan-25,25,32,0.81824,17.66160341,18.47984341,12474.02,521.216
91,Jan-26,26,32,0.81824,19.81309605,20.63133605,13752.34184,435.68808
91,Jan-27,27,48,1.22736,14.60587189,15.83323189,11515.67352,395.466019
91,Jan-28,28,32,0.81824,12.59623987,13.41447987,12545.89767,427.639
91,Jan-29,29,33,0.84381,16.06959896,16.91340896,14464.89465,550.2351857
91,Jan-30,30,24,0.61368,17.11864381,17.73232381,14227.30667,486.162
91,Jan-31,31,48,1.22736,16.99973068,18.22709068,12106.97552,459.7562857
91,2-Jan,2,40,1.0228,14.89633531,15.91913531,11417.14167,435.6588333
91,2-Feb,33,30,0.7671,16.8735211,17.6406211,12971.1468,464.2594667
91,2-Mar,61,30,0.7671,19.61687693,20.38397693,11786.12089,383.3177778
108,Jan-19,19,48,1.22736,11.48277333,12.71013333,11688.36702,368.8130489
108,Jan-20,20,39,0.99723,10.36056,11.35779,11233.52062,386.920819
108,Jan-21,21,40,1.0228,15.43512,16.45792,10681.62377,403.9508571
108,Jan-22,22,27,0.69039,14.56199368,15.25238368,11806.256,503.582
108,Jan-23,23,30,0.7671,13.16748269,13.93458269,11740.482,446.8993333
108,Jan-24,24,40,1.0228,13.44506856,14.46786856,10708.17433,396.5301943
108,Jan-25,25,32,0.81824,17.66160341,18.47984341,13352.1424,404.1152
108,Jan-26,26,24,0.61368,19.81309605,20.42677605,12607.95689,496.9555556
108,Jan-27,27,48,1.22736,14.60587189,15.83323189,10191.6708,347.9213333
108,Jan-28,28,44,1.12508,12.59623987,13.72131987,11734.28999,392.3106171
108,Jan-29,29,48,1.22736,16.06959896,17.29695896,11695.03867,437.8423333
108,Jan-30,30,40,1.0228,17.11864381,18.14144381,11497.71931,370.8312
108,Jan-31,31,48,1.22736,16.99973068,18.22709068,11759.5483,441.2902
108,2-Jan,2,48,1.22736,14.89633531,16.12369531,10777.93255,414.387637
108,2-Feb,33,24,0.61368,16.8735211,17.4872011,8765.684571,305.6331429
108,2-Mar,61,48,1.22736,19.61687693,20.84423693,9339.353556,325.4081905
110,Jan-19,19,8,0.20456,11.48277333,11.68733333,10790.848,300.24
110,Jan-20,20,32,0.81824,10.36056,11.1788,11666.85333,360.051
110,Jan-21,21,24,0.61368,15.43512,16.0488,11123.15197,369.206273
110,Jan-22,22,27,0.69039,14.56199368,15.25238368,13185.90747,506.2839111
110,Jan-23,23,24,0.61368,13.16748269,13.78116269,11226.36378,343.0653333
110,Jan-24,24,24,0.61368,13.44506856,14.05874856,12436.67093,414.0904
110,Jan-25,25,32,0.81824,17.66160341,18.47984341,13908.06597,492.3490794
110,Jan-26,26,32,0.81824,19.81309605,20.63133605,12966.5626,389.5992
110,Jan-27,27,19,0.48583,14.60587189,15.09170189,10920.23718,299.7320909
110,Jan-28,28,40,1.0228,12.59623987,13.61903987,13284.27453,462.9914362
110,Jan-29,29,32,0.81824,16.06959896,16.88783896,14049.53194,478.4642381
110,Jan-30,30,32,0.81824,17.11864381,17.93688381,15790.63962,578.944
110,Jan-31,31,32,0.81824,16.99973068,17.81797068,13112.52287,466.4326
110,2-Jan,2,32,0.81824,14.89633531,15.71457531,11561.65619,462.5621905
110,2-Feb,33,22,0.56254,16.8735211,17.4360611,12464.53133,468.6765333
110,2-Mar,61,28,0.71596,19.61687693,20.33283693,11577.77467,439.3137778
133,Jan-19,19,14,0.35798,11.48277333,11.84075333,10662.876,335.223
133,Jan-20,20,20,0.5114,10.36056,10.87196,11081.184,363.492
133,Jan-21,21,31,0.79267,15.43512,16.22779,11805.95867,432.536
133,Jan-22,22,9,0.23013,14.56199368,14.79212368,,
133,Jan-23,23,14,0.35798,13.16748269,13.52546269,,
133,Jan-24,24,24,0.61368,13.44506856,14.05874856,10689.46633,356.8823333
133,Jan-25,25,8,0.20456,17.66160341,17.86616341,,
133,Jan-26,26,27,0.69039,19.81309605,20.50348605,10973.22286,369.9942857
133,Jan-27,27,22,0.56254,14.60587189,15.16841189,9260.1064,322.3981333
133,Jan-28,28,42,1.07394,12.59623987,13.67017987,10755.23467,408.2122667
133,Jan-29,29,22,0.56254,16.06959896,16.63213896,,
133,Jan-30,30,27,0.69039,17.11864381,17.80903381,12478.03233,561.5986667
133,Jan-31,31,22,0.56254,16.99973068,17.56227068,11083.63114,405.7602857
151,Jan-19,19,40,1.0228,11.48277333,12.50557333,9060.249481,237.368
151,Jan-20,20,39,0.99723,10.36056,11.35779,10180.29508,335.9933651
151,Jan-21,21,43,1.09951,15.43512,16.53463,10656.10507,362.2954667
151,Jan-22,22,17,0.43469,14.56199368,14.99668368,8845.328667,322.384
151,Jan-23,23,29,0.74153,13.16748269,13.90901269,10803.03782,376.4594667
151,Jan-24,24,9,0.23013,13.44506856,13.67519856,12657.33,522.366
151,Jan-25,25,32,0.81824,17.66160341,18.47984341,8045.189156,238.1582222
151,Jan-26,26,32,0.81824,19.81309605,20.63133605,10125.747,338.8735
151,Jan-27,27,24,0.61368,14.60587189,15.21955189,8562.264,273.6672
151,Jan-28,28,32,0.81824,12.59623987,13.41447987,9823.308467,285.2647333
151,Jan-29,29,37,0.94609,16.06959896,17.01568896,11011.17583,355.7603333
151,Jan-30,30,38,0.97166,17.11864381,18.09030381,9775.5072,327.8356
151,Jan-31,31,30,0.7671,16.99973068,17.76683068,8002.7674,157.3092
151,2-Jan,2,29,0.74153,14.89633531,15.63786531,9057.176867,311.2399333
151,2-Feb,33,16,0.40912,16.8735211,17.2826411,8874.942667,296.6693333
151,2-Mar,61,9,0.23013,19.61687693,19.84700693,,
187,Jan-19,19,42,1.07394,11.48277333,12.55671333,11477.4728,392.4458667
187,Jan-20,20,34,0.86938,10.36056,11.22994,11256.12657,439.1027143
187,Jan-21,21,27,0.69039,15.43512,16.12551,12805.35074,464.2215429
187,Jan-22,22,18,0.46026,14.56199368,15.02225368,11805.98,402.988
187,Jan-23,23,40,1.0228,13.16748269,14.19028269,13242.34613,464.3638222
187,Jan-24,24,30,0.7671,13.44506856,14.21216856,13709.22,514.442
187,Jan-25,25,40,1.0228,17.66160341,18.68440341,12241.94533,439.7066667
187,Jan-26,26,48,1.22736,19.81309605,21.04045605,11887.98075,408.17675
187,Jan-27,27,53,1.35521,14.60587189,15.96108189,10338.71532,361.425102
187,Jan-28,28,32,0.81824,12.59623987,13.41447987,10438.25629,360.1497143
187,Jan-29,29,50,1.2785,16.06959896,17.34809896,12411.47562,443.4183175
187,Jan-30,30,27,0.69039,17.11864381,17.80903381,13003.23403,471.8175873
187,Jan-31,31,28,0.71596,16.99973068,17.71569068,11848.94978,394.3506667
187,2-Jan,2,39,0.99723,14.89633531,15.89356531,10987.096,434.92425
187,2-Feb,33,16,0.40912,16.8735211,17.2826411,13924.456,475.0026667
187,2-Mar,61,23,0.58811,19.61687693,20.20498693,7864.5984,368.9544
206,Jan-19,19,18,0.46026,11.48277333,11.94303333,,
206,Jan-20,20,39,0.99723,10.36056,11.35779,11825.5554,415.6238
206,Jan-21,21,51,1.30407,15.43512,16.73919,11455.89646,495.1872381
206,Jan-22,22,24,0.61368,14.56199368,15.17567368,12924.76893,559.0336667
206,Jan-23,23,36,0.92052,13.16748269,14.08800269,11416.45806,386.7575214
206,Jan-24,24,33,0.84381,13.44506856,14.28887856,11215.24716,400.9281524
206,Jan-25,25,32,0.81824,17.66160341,18.47984341,11037.51958,422.6016
206,Jan-26,26,24,0.61368,19.81309605,20.42677605,10302.84356,390.0026667
206,Jan-27,27,26,0.66482,14.60587189,15.27069189,10152.99879,265.6104127
206,Jan-28,28,51,1.30407,12.59623987,13.90030987,12893.52561,432.2468419
206,Jan-29,29,40,1.0228,16.06959896,17.09239896,12149.38835,445.5911515
206,Jan-30,30,48,1.22736,17.11864381,18.34600381,13708.40945,553.3815333
206,Jan-31,31,41,1.04837,16.99973068,18.04810068,13928.1087,596.151873
206,2-Jan,2,48,1.22736,14.89633531,16.12369531,11217.00859,412.8757037
206,2-Feb,33,33,0.84381,16.8735211,17.7173311,11398.82332,401.47105
206,2-Mar,61,56,1.43192,19.61687693,21.04879693,10732.2452,430.7606286
222,Jan-19,19,24,0.61368,11.48277333,12.09645333,13173.054,466.1566667
222,Jan-20,20,25,0.63925,10.36056,10.99981,12907.96133,495.6928889
222,Jan-21,21,24,0.61368,15.43512,16.0488,12674.53629,437.6967619
222,Jan-22,22,25,0.63925,14.56199368,15.20124368,12514.33387,457.3976889
222,Jan-23,23,22,0.56254,13.16748269,13.73002269,13887.504,507.504
222,Jan-24,24,25,0.63925,13.44506856,14.08431856,12326.22089,449.3506667
222,Jan-25,25,19,0.48583,17.66160341,18.14743341,6975.264,115.2256
222,Jan-26,26,20,0.5114,19.81309605,20.32449605,14646.588,647.394
222,Jan-27,27,15,0.38355,14.60587189,14.98942189,11300.04,300.24
222,Jan-28,28,24,0.61368,12.59623987,13.20991987,7508.16,286.5066667
222,Jan-29,29,12,0.30684,16.06959896,16.37643896,16458.876,600.404
222,Jan-30,30,4,0.10228,17.11864381,17.22092381,,
222,Jan-31,31,24,0.61368,16.99973068,17.61341068,11568.68444,375.0457143
222,2-Jan,2,46,1.17622,14.89633531,16.07255531,10716.69033,355.3387778
222,2-Feb,33,10,0.2557,16.8735211,17.1292211,12526.264,395.224
222,2-Mar,61,16,0.40912,19.61687693,20.02599693,11056.17333,282.3333333
278,Jan-19,19,32,0.81824,11.48277333,12.30101333,11238.2716,397.6152
278,Jan-20,20,47,1.20179,10.36056,11.56235,11442.99578,492.5068889
278,Jan-21,21,24,0.61368,15.43512,16.0488,11320.561,483.6973333
278,Jan-22,22,11,0.28127,14.56199368,14.84326368,,
278,Jan-23,23,24,0.61368,13.16748269,13.78116269,10973.3953,453.8127831
278,Jan-24,24,38,0.97166,13.44506856,14.41672856,12186.44114,521.0944762
278,Jan-25,25,40,1.0228,17.66160341,18.68440341,12302.11873,525.9009524
278,Jan-26,26,40,1.0228,19.81309605,20.83589605,10633.26807,365.8210057
278,Jan-27,27,43,1.09951,14.60587189,15.70538189,10009.64896,388.72704
278,Jan-28,28,40,1.0228,12.59623987,13.61903987,11190.76853,434.1426667
278,Jan-29,29,49,1.25293,16.06959896,17.32252896,11460.10247,442.1728914
278,Jan-30,30,43,1.09951,17.11864381,18.21815381,12187.7027,506.9734857
278,Jan-31,31,38,0.97166,16.99973068,17.97139068,10273.1632,432.8141333
278,2-Jan,2,58,1.48306,14.89633531,16.37939531,9273.22528,351.3336533
278,2-Feb,33,33,0.84381,16.8735211,17.7173311,10617.413,372.8542
278,2-Mar,61,36,0.92052,19.61687693,20.53739693,9557.539794,401.72928
304,Jan-19,19,32,0.81824,11.48277333,12.30101333,11670.83143,411.4345714
304,Jan-20,20,40,1.0228,10.36056,11.38336,11828.62089,368.7106667
304,Jan-21,21,35,0.89495,15.43512,16.33007,10891.82808,442.3311667
304,Jan-22,22,20,0.5114,14.56199368,15.07339368,11611.2,432.96
304,Jan-23,23,36,0.92052,13.16748269,14.08800269,10979.12773,436.9593333
304,Jan-24,24,32,0.81824,13.44506856,14.26330856,12655.10667,523.2833333
304,Jan-25,25,33,0.84381,17.66160341,18.50541341,9639.400857,289.724
304,Jan-26,26,37,0.94609,19.81309605,20.75918605,11415.62817,475.1075
304,Jan-27,27,48,1.22736,14.60587189,15.83323189,9547.517952,301.5081576
304,Jan-28,28,40,1.0228,12.59623987,13.61903987,14365.64937,665.0421714
304,Jan-29,29,40,1.0228,16.06959896,17.09239896,13057.73733,474.7266667
304,Jan-30,30,47,1.20179,17.11864381,18.32043381,12842.8896,479.5585829
304,Jan-31,31,40,1.0228,16.99973068,18.02253068,11224.61086,455.5182857
304,2-Jan,2,39,0.99723,14.89633531,15.89356531,10482.41211,380.4394286
304,2-Feb,33,32,0.81824,16.8735211,17.6917611,11901.9859,459.851619
304,2-Mar,61,32,0.81824,19.61687693,20.43511693,9920.856889,335.9991111
307,Jan-19,19,48,1.22736,11.48277333,12.71013333,12110.40997,447.2845333
307,Jan-20,20,48,1.22736,10.36056,11.58792,12573.35486,535.5871238
307,Jan-21,21,40,1.0228,15.43512,16.45792,11677.03307,507.7445778
307,Jan-22,22,36,0.92052,14.56199368,15.48251368,11691.82387,474.4832
307,Jan-23,23,40,1.0228,13.16748269,14.19028269,11172.38526,447.7073571
307,Jan-24,24,46,1.17622,13.44506856,14.62128856,10260.13236,407.0900714
307,Jan-25,25,48,1.22736,17.66160341,18.88896341,11823.28679,511.7924267
307,Jan-26,26,32,0.81824,19.81309605,20.63133605,13670.83431,469.7507556
307,Jan-27,27,40,1.0228,14.60587189,15.62867189,11629.6837,456.03865
307,Jan-28,28,40,1.0228,12.59623987,13.61903987,11555.20087,385.4680667
307,Jan-29,29,40,1.0228,16.06959896,17.09239896,13229.28431,524.8887111
307,Jan-30,30,32,0.81824,17.11864381,17.93688381,11285.35829,412.0122857
307,Jan-31,31,40,1.0228,16.99973068,18.02253068,11218.16851,425.1052154
307,2-Jan,2,40,1.0228,14.89633531,15.91913531,10835.83856,448.5996871
307,2-Feb,33,32,0.81824,16.8735211,17.6917611,10603.7383,394.6759
307,2-Mar,61,39,0.99723,19.61687693,20.61410693,8978.966305,339.6860508
336,Jan-19,19,56,1.43192,11.48277333,12.91469333,13176.624,461.3424
336,Jan-20,20,51,1.30407,10.36056,11.66463,10103.07816,341.24272
336,Jan-21,21,48,1.22736,15.43512,16.66248,10329.0608,404.7032
336,Jan-22,22,20,0.5114,14.56199368,15.07339368,8862.084286,293.088
336,Jan-23,23,45,1.15065,13.16748269,14.31813269,10124.09605,390.8595214
336,Jan-24,24,32,0.81824,13.44506856,14.26330856,9872.643143,388.8970476
336,Jan-25,25,32,0.81824,17.66160341,18.47984341,12109.47,496.4713333
336,Jan-26,26,33,0.84381,19.81309605,20.65690605,10862.82533,406.7286667
336,Jan-27,27,35,0.89495,14.60587189,15.50082189,8932.701086,276.0744571
336,Jan-28,28,24,0.61368,12.59623987,13.20991987,12775.648,479.6928
336,Jan-29,29,37,0.94609,16.06959896,17.01568896,10089.828,321.992
336,Jan-30,30,50,1.2785,17.11864381,18.39714381,11144.512,440.2147
336,Jan-31,31,28,0.71596,16.99973068,17.71569068,11139.41333,497.6213333
336,2-Jan,2,33,0.84381,14.89633531,15.74014531,8212.746667,292.2453333
336,2-Feb,33,35,0.89495,16.8735211,17.7684711,9160.376,332.396
336,2-Mar,61,40,1.0228,19.61687693,20.63967693,9007.242667,306.2469524
33,Jan-19,19,10,0.2557,7.502161333,7.757861333,9196.170667,242.2548687
33,Jan-20,20,34,0.86938,11.61597311,12.48535311,11468.59405,385.00815
33,Jan-21,21,23,0.58811,14.366088,14.954198,10045.684,345.3028139
33,Jan-22,22,32,0.81824,13.03956732,13.85780732,12796.57956,486.0550034
33,Jan-23,23,39,0.99723,12.8098434,13.8070734,11855.48638,424.8196829
33,Jan-24,24,48,1.22736,13.69814087,14.92550087,13108.4439,518.7989808
33,Jan-25,25,24,0.61368,11.43592493,12.04960493,12508.89365,475.7747908
33,Jan-26,26,37,0.94609,15.19154792,16.13763792,12419.59507,444.5264818
33,Jan-27,27,28,0.71596,9.491444011,10.20740401,10833.8645,384.4779091
33,Jan-28,28,32,0.81824,14.82012591,15.63836591,10484.31186,405.5286919
33,Jan-29,29,16,0.40912,16.79323418,17.20235418,,
33,Jan-30,30,40,1.0228,14.36938083,15.39218083,12637.07559,483.8440483
33,Jan-31,31,32,0.81824,15.84693572,16.66517572,11752.00331,432.0368698
33,2-Jan,2,45,1.15065,13.86206272,15.01271272,9223.379804,365.416049
33,2-Feb,33,22,0.56254,14.18892159,14.75146159,10606.176,379.0384485
33,2-Mar,61,38,0.97166,15.48776687,16.45942687,9091.568827,314.6125178
101,Jan-19,19,40,1.0228,7.502161333,8.524961333,10030.29813,332.909103
101,Jan-20,20,51,1.30407,11.61597311,12.92004311,10576.56857,374.0807633
101,Jan-21,21,38,0.97166,14.366088,15.337748,10519.072,387.0661818
101,Jan-22,22,40,1.0228,13.03956732,14.06236732,10319.77283,404.1888359
101,Jan-23,23,34,0.86938,12.8098434,13.6792234,11721.7,454.8948485
101,Jan-24,24,33,0.84381,13.69814087,14.54195087,11530.53557,470.1536501
101,Jan-25,25,53,1.35521,11.43592493,12.79113493,8548.984314,315.8610195
101,Jan-26,26,32,0.81824,15.19154792,16.00978792,10105.74581,367.3784658
101,Jan-27,27,48,1.22736,9.491444011,10.71880401,9761.595911,328.3412929
101,Jan-28,28,46,1.17622,14.82012591,15.99634591,9830.206406,346.6918525
101,Jan-29,29,56,1.43192,16.79323418,18.22515418,10553.10266,381.8037397
101,Jan-30,30,40,1.0228,14.36938083,15.39218083,10755.66131,372.0935727
101,Jan-31,31,48,1.22736,15.84693572,17.07429572,9759.245714,357.8398156
101,2-Jan,2,32,0.81824,13.86206272,14.68030272,8830.902,324.2053636
101,2-Feb,33,56,1.43192,14.18892159,15.62084159,9592.312469,328.0124881
101,2-Mar,61,40,1.0228,15.48776687,16.51056687,8272.489029,315.2615397
102,Jan-19,19,48,1.22736,7.502161333,8.729521333,10376.91456,292.5374671
102,Jan-20,20,31,0.79267,11.61597311,12.40864311,10486.68838,325.127544
102,Jan-21,21,37,0.94609,14.366088,15.312178,10586.722,366.9036879
102,Jan-22,22,47,1.20179,13.03956732,14.24135732,12954.2926,501.3033172
102,Jan-23,23,32,0.81824,12.8098434,13.6280834,11986.0028,435.2129313
102,Jan-24,24,26,0.66482,13.69814087,14.36296087,13464.32444,580.9224781
102,Jan-25,25,48,1.22736,11.43592493,12.66328493,13455.8312,562.6121758
102,Jan-26,26,32,0.81824,15.19154792,16.00978792,12515.65448,420.6115303
102,Jan-27,27,40,1.0228,9.491444011,10.51424401,12149.46755,419.1432401
102,Jan-28,28,32,0.81824,14.82012591,15.63836591,12051.15822,488.6232977
102,Jan-29,29,38,0.97166,16.79323418,17.76489418,12620.13339,480.416236
102,Jan-30,30,40,1.0228,14.36938083,15.39218083,11226.812,440.3637303
102,Jan-31,31,51,1.30407,15.84693572,17.15100572,11271.22676,462.2691189
102,2-Jan,2,38,0.97166,13.86206272,14.83372272,10399.64992,393.6911273
102,2-Feb,33,56,1.43192,14.18892159,15.62084159,11310.1853,505.6970507
102,2-Mar,61,40,1.0228,15.48776687,16.51056687,10469.36033,458.1181768
106,Jan-19,19,46,1.17622,7.502161333,8.678381333,10480.76872,300.9212773
106,Jan-20,20,40,1.0228,11.61597311,12.63877311,10176.21191,335.5778424
106,Jan-21,21,56,1.43192,14.366088,15.798008,10644.55594,366.3316922
106,Jan-22,22,56,1.43192,13.03956732,14.47148732,11772.7764,416.8010561
106,Jan-23,23,36,0.92052,12.8098434,13.7303634,13362.95696,490.9549309
106,Jan-24,24,16,0.40912,13.69814087,14.10726087,13338.642,498.6846364
106,Jan-25,25,30,0.7671,11.43592493,12.20302493,11807.0344,445.1047374
106,Jan-26,26,16,0.40912,15.19154792,15.60066792,13254.42987,526.2393778
106,Jan-27,27,48,1.22736,9.491444011,10.71880401,11827.72619,404.9234758
106,Jan-28,28,40,1.0228,14.82012591,15.84292591,11648.68989,421.7689259
106,Jan-29,29,38,0.97166,16.79323418,17.76489418,11560.00901,387.2544824
106,Jan-30,30,33,0.84381,14.36938083,15.21319083,11621.18103,429.4893631
106,Jan-31,31,32,0.81824,15.84693572,16.66517572,10935.3625,358.7279303
106,2-Jan,2,40,1.0228,13.86206272,14.88486272,9913.764057,376.2045957
106,2-Feb,33,28,0.71596,14.18892159,14.90488159,11505.06267,454.6237576
106,2-Mar,61,46,1.17622,15.48776687,16.66398687,10212.2792,400.7619076
148,Jan-19,19,24,0.61368,7.502161333,8.115841333,11103.736,357.0901253
148,Jan-20,20,56,1.43192,11.61597311,13.04789311,12975.43022,472.6831489
148,Jan-21,21,48,1.22736,14.366088,15.593448,10629.95095,388.6982925
148,Jan-22,22,40,1.0228,13.03956732,14.06236732,12049.98209,392.9720233
148,Jan-23,23,37,0.94609,12.8098434,13.7559334,13681.5857,527.9688312
148,Jan-24,24,35,0.89495,13.69814087,14.59309087,14349.59067,546.5024192
148,Jan-25,25,39,0.99723,11.43592493,12.43315493,11177.6909,424.6235682
148,Jan-26,26,56,1.43192,15.19154792,16.62346792,12419.56597,483.9843661
148,Jan-27,27,45,1.15065,9.491444011,10.64209401,11255.71347,463.5396842
148,Jan-28,28,32,0.81824,14.82012591,15.63836591,13516.9794,487.2131162
148,Jan-29,29,41,1.04837,16.79323418,17.84160418,12367.26594,446.0217541
148,Jan-30,30,45,1.15065,14.36938083,15.52003083,13396.05616,560.8154885
148,Jan-31,31,56,1.43192,15.84693572,17.27885572,11538.60914,452.3105158
148,2-Jan,2,48,1.22736,13.86206272,15.08942272,11187.36111,399.896392
148,2-Feb,33,63,1.61091,14.18892159,15.79983159,12325.08212,532.527996
148,2-Mar,61,48,1.22736,15.48776687,16.71512687,11631.26244,482.3496162
162,Jan-19,19,40,1.0228,7.502161333,8.524961333,11386.26293,375.6295879
162,Jan-20,20,24,0.61368,11.61597311,12.22965311,9306.385333,343.3282455
162,Jan-21,21,35,0.89495,14.366088,15.261038,10614.7572,349.1612182
162,Jan-22,22,33,0.84381,13.03956732,13.88337732,10064.10286,308.3989331
162,Jan-23,23,24,0.61368,12.8098434,13.4235234,12731.24373,424.1743677
162,Jan-24,24,28,0.71596,13.69814087,14.41410087,12642.9708,483.2673091
162,Jan-25,25,33,0.84381,11.43592493,12.27973493,12683.56792,504.1955355
162,Jan-26,26,32,0.81824,15.19154792,16.00978792,11671.85767,411.1731919
162,Jan-27,27,40,1.0228,9.491444011,10.51424401,11452.86898,378.7252371
162,Jan-28,28,34,0.86938,14.82012591,15.68950591,10026.48024,350.5594162
162,Jan-29,29,44,1.12508,16.79323418,17.91831418,12299.27289,474.8748017
162,Jan-30,30,32,0.81824,14.36938083,15.18762083,12386.90107,435.1904838
162,Jan-31,31,24,0.61368,15.84693572,16.46061572,10686.02367,414.3635303
162,2-Jan,2,30,0.7671,13.86206272,14.62916272,11019.06587,484.4354384
162,2-Feb,33,39,0.99723,14.18892159,15.18615159,10571.48144,388.650156
162,2-Mar,61,16,0.40912,15.48776687,15.89688687,10154.30829,386.7033442
197,Jan-19,19,32,0.81824,7.502161333,8.320401333,10410.44181,344.7677833
197,Jan-20,20,29,0.74153,11.61597311,12.35750311,11480.9248,482.1128061
197,Jan-21,21,40,1.0228,14.366088,15.388888,9300.35536,285.2062255
197,Jan-22,22,32,0.81824,13.03956732,13.85780732,10319.58767,328.4112172
197,Jan-23,23,24,0.61368,12.8098434,13.4235234,12754.23314,470.920153
197,Jan-24,24,32,0.81824,13.69814087,14.51638087,10359.51396,275.1801266
197,Jan-25,25,40,1.0228,11.43592493,12.45872493,10947.74613,381.8790222
197,Jan-26,26,40,1.0228,15.19154792,16.21434792,10294.65366,383.4659491
197,Jan-27,27,48,1.22736,9.491444011,10.71880401,10202.60528,342.4763889
197,Jan-28,28,35,0.89495,14.82012591,15.71507591,12003.47467,550.5426061
197,Jan-29,29,32,0.81824,16.79323418,17.61147418,10311.03544,400.2493519
197,Jan-30,30,40,1.0228,14.36938083,15.39218083,12000.61653,498.3257022
197,Jan-31,31,40,1.0228,15.84693572,16.86973572,10295.50815,361.8628552
197,2-Jan,2,48,1.22736,13.86206272,15.08942272,8599.2792,263.5155677
197,2-Feb,33,43,1.09951,14.18892159,15.28843159,10099.84842,334.7951358
197,2-Mar,61,40,1.0228,15.48776687,16.51056687,8852.153881,290.9782601
218,Jan-19,19,35,0.89495,7.502161333,8.397111333,12130.09224,446.1616764
218,Jan-20,20,24,0.61368,11.61597311,12.22965311,10626.17181,386.8758923
218,Jan-21,21,44,1.12508,14.366088,15.491168,10359.86016,423.2631867
218,Jan-22,22,38,0.97166,13.03956732,14.01122732,13107.73651,522.8502872
218,Jan-23,23,56,1.43192,12.8098434,14.2417634,11496.81291,519.3073343
218,Jan-24,24,34,0.86938,13.69814087,14.56752087,13721.7128,539.4931414
218,Jan-25,25,56,1.43192,11.43592493,12.86784493,11182.59667,499.3941787
218,Jan-26,26,49,1.25293,15.19154792,16.44447792,12103.47737,506.8202118
218,Jan-27,27,36,0.92052,9.491444011,10.41196401,10719.436,440.5356364
218,Jan-28,28,28,0.71596,14.82012591,15.53608591,11620.67121,494.8875195
218,Jan-29,29,40,1.0228,16.79323418,17.81603418,11924.01747,514.7370909
218,Jan-30,30,47,1.20179,14.36938083,15.57117083,10017.49269,336.4990495
218,Jan-31,31,24,0.61368,15.84693572,16.46061572,11236.53267,457.7814646
218,2-Jan,2,41,1.04837,13.86206272,14.91043272,10290.45633,468.6774545
218,2-Feb,33,48,1.22736,14.18892159,15.41628159,10086.03051,409.9452874
218,2-Mar,61,58,1.48306,15.48776687,16.97082687,9867.804857,380.7411576
229,Jan-19,19,10,0.2557,7.502161333,7.757861333,6793.86,159.1475758
229,Jan-20,20,17,0.43469,11.61597311,12.05066311,12776.78773,465.3618263
229,Jan-21,21,24,0.61368,14.366088,14.979768,12245.1904,401.3909697
229,Jan-22,22,17,0.43469,13.03956732,13.47425732,13729.112,530.8089091
229,Jan-23,23,22,0.56254,12.8098434,13.3723834,11368.50652,408.9639444
229,Jan-24,24,32,0.81824,13.69814087,14.51638087,13429.71576,502.457062
229,Jan-25,25,24,0.61368,11.43592493,12.04960493,11977.15368,499.7021391
229,Jan-26,26,16,0.40912,15.19154792,15.60066792,16842.866,719.0557273
229,Jan-27,27,32,0.81824,9.491444011,10.30968401,12168.17433,452.2040202
229,Jan-28,28,8,0.20456,14.82012591,15.02468591,11646.18667,394.0141414
229,Jan-29,29,24,0.61368,16.79323418,17.40691418,11633.47289,430.5870303
229,Jan-30,30,8,0.20456,14.36938083,14.57394083,11928.744,407.682
229,Jan-31,31,16,0.40912,15.84693572,16.25605572,10750.75611,382.8054442
229,2-Jan,2,23,0.58811,13.86206272,14.45017272,11252.29467,465.534569
229,2-Feb,33,34,0.86938,14.18892159,15.05830159,11852.4125,473.3301061
229,2-Mar,61,27,0.69039,15.48776687,16.17815687,9855.252178,372.7459838
295,Jan-19,19,19,0.48583,7.502161333,7.987991333,9715.504762,319.8733391
295,Jan-20,20,32,0.81824,11.61597311,12.43421311,8914.6965,346.5972576
295,Jan-21,21,36,0.92052,14.366088,15.286608,12720.66973,554.3524374
295,Jan-22,22,29,0.74153,13.03956732,13.78109732,10400.4908,372.3311
295,Jan-23,23,41,1.04837,12.8098434,13.8582134,12328.01117,557.9236349
295,Jan-24,24,32,0.81824,13.69814087,14.51638087,14132.70421,588.8070448
295,Jan-25,25,58,1.48306,11.43592493,12.91898493,11183.84717,442.9722273
295,Jan-26,26,48,1.22736,15.19154792,16.41890792,11636.5762,444.7219849
295,Jan-27,27,34,0.86938,9.491444011,10.36082401,11164.96709,461.4775013
295,Jan-28,28,27,0.69039,14.82012591,15.51051591,10557.15067,416.5457643
295,Jan-29,29,41,1.04837,16.79323418,17.84160418,12165.56933,482.770596
295, ,30,24,0.61368,14.36938083,14.98306083,13734.70178,542.3388788
295,Jan-31,31,31,0.79267,15.84693572,16.63960572,11253.67267,393.5228788
295,2-Jan,2,42,1.07394,13.86206272,14.93600272,9390.2305,371.4192879
295,2-Feb,33,32,0.81824,14.18892159,15.00716159,12072.90736,534.3629816
295,2-Mar,61,25,0.63925,15.48776687,16.12701687,11116.2048,444.8421091
321,Jan-19,19,37,0.94609,7.502161333,8.448251333,14127.44,573.7454061
321,Jan-20,20,26,0.66482,11.61597311,12.28079311,10418.548,331.6625152
321,Jan-21,21,35,0.89495,14.366088,15.261038,13290.15609,544.3298909
321,Jan-22,22,33,0.84381,13.03956732,13.88337732,13726.91707,479.4863798
321,Jan-23,23,26,0.66482,12.8098434,13.4746634,14897.47733,614.8181172
321,Jan-24,24,40,1.0228,13.69814087,14.72094087,14956.59253,610.3645525
321,Jan-25,25,27,0.69039,11.43592493,12.12631493,13542.14667,489.3793333
321,Jan-26,26,23,0.58811,15.19154792,15.77965792,13218.112,342.934303
321,Jan-27,27,45,1.15065,9.491444011,10.64209401,12568.56153,414.1035556
321,Jan-28,28,43,1.09951,14.82012591,15.91963591,12749.52014,523.1103781
321,Jan-29,29,40,1.0228,16.79323418,17.81603418,11964.7128,441.2783394
321,Jan-30,30,40,1.0228,14.36938083,15.39218083,12153.3192,425.7758982
321,Jan-31,31,41,1.04837,15.84693572,16.89530572,10795.3485,394.9009242
321,2-Jan,2,47,1.20179,13.86206272,15.06385272,10656.99933,414.5754545
321,2-Feb,33,30,0.7671,14.18892159,14.95602159,12709.488,526.1284074
321,2-Mar,61,39,0.99723,15.48776687,16.48499687,9676.387467,340.8517511
324,Jan-19,19,9,0.23013,7.502161333,7.732291333,9257.248,248.1166391
324,Jan-20,20,13,0.33241,11.61597311,11.94838311,10713.97333,328.349899
324,Jan-21,21,24,0.61368,14.366088,14.979768,11177.92,382.6254545
324,Jan-22,22,32,0.81824,13.03956732,13.85780732,10351.97067,318.1388081
324,Jan-23,23,24,0.61368,12.8098434,13.4235234,13264.42638,438.3974736
324,Jan-24,24,24,0.61368,13.69814087,14.31182087,13280.87029,485.5250476
324,Jan-25,25,48,1.22736,11.43592493,12.66328493,11768.66145,487.8103255
324,Jan-26,26,29,0.74153,15.19154792,15.93307792,13496.78171,561.6886225
324,Jan-27,27,34,0.86938,9.491444011,10.36082401,11257.1756,380.8073218
324,Jan-28,28,40,1.0228,14.82012591,15.84292591,12308.25653,378.3250061
324,Jan-29,29,53,1.35521,16.79323418,18.14844418,12062.53947,407.3865826
324,Jan-30,30,34,0.86938,14.36938083,15.23876083,13047.54053,462.4980162
324,Jan-31,31,39,0.99723,15.84693572,16.84416572,10094.06731,372.4798517
324,2-Jan,2,48,1.22736,13.86206272,15.08942272,10734.47587,451.9518985
324,2-Feb,33,45,1.15065,14.18892159,15.33957159,11676.39593,467.5615927
324,2-Mar,61,48,1.22736,15.48776687,16.71512687,10589.57243,426.7636772
325,Jan-19,19,40,1.0228,7.502161333,8.524961333,12345.85786,397.2357792
325,Jan-20,20,56,1.43192,11.61597311,13.04789311,10719.52635,363.4842971
325,Jan-21,21,40,1.0228,14.366088,15.388888,11364.672,443.3928485
325,Jan-22,22,42,1.07394,13.03956732,14.11350732,12244.05977,430.4765859
325,Jan-23,23,40,1.0228,12.8098434,13.8326434,13725.49707,569.4372121
325,Jan-24,24,40,1.0228,13.69814087,14.72094087,11773.77196,447.3206914
325,Jan-25,25,48,1.22736,11.43592493,12.66328493,12457.00556,541.1569798
325,Jan-26,26,47,1.20179,15.19154792,16.39333792,11656.1648,462.9217212
325,Jan-27,27,48,1.22736,9.491444011,10.71880401,10722.34016,371.6636283
325,Jan-28,28,40,1.0228,14.82012591,15.84292591,11354.6012,352.0058081
325,Jan-29,29,32,0.81824,16.79323418,17.61147418,11329.1144,423.0748
325,Jan-30,30,40,1.0228,14.36938083,15.39218083,10588.11197,391.8756501
325,Jan-31,31,40,1.0228,15.84693572,16.86973572,12269.2326,559.1189758
325,2-Jan,2,40,1.0228,13.86206272,14.88486272,9856.369167,406.6801111
325,2-Feb,33,48,1.22736,14.18892159,15.41628159,10156.32973,376.8212643
325,2-Mar,61,40,1.0228,15.48776687,16.51056687,10558.62587,448.5683899
328,Jan-19,19,28,0.71596,7.502161333,8.218121333,14186.0001,506.749053
328,Jan-20,20,32,0.81824,11.61597311,12.43421311,9702.429905,263.608759
328,Jan-21,21,37,0.94609,14.366088,15.312178,13600.64533,419.614303
328,Jan-22,22,19,0.48583,13.03956732,13.52539732,10295.296,264.3781818
328,Jan-23,23,32,0.81824,12.8098434,13.6280834,13224.8464,478.0993697
328,Jan-24,24,40,1.0228,13.69814087,14.72094087,13729.04058,579.5313562
328,Jan-25,25,32,0.81824,11.43592493,12.25416493,11085.32983,366.6222799
328,Jan-26,26,47,1.20179,15.19154792,16.39333792,12134.23551,410.6383907
328,Jan-27,27,45,1.15065,9.491444011,10.64209401,11725.30869,404.5102056
328,Jan-28,28,32,0.81824,14.82012591,15.63836591,11422.60898,371.5358761
328,Jan-29,29,34,0.86938,16.79323418,17.66261418,12210.41327,377.532101
328,Jan-30,30,40,1.0228,14.36938083,15.39218083,12640.70688,453.7298747
328,Jan-31,31,38,0.97166,15.84693572,16.81859572,11303.61342,389.492553
328,2-Jan,2,38,0.97166,13.86206272,14.83372272,11315.52844,504.3443165
328,2-Feb,33,55,1.40635,14.18892159,15.59527159,11671.84733,483.9813611
328,2-Mar,61,39,0.99723,15.48776687,16.48499687,9789.399333,311.648404
